control_id,control_name,purpose,accountable_owner,evidence,cadence,scenario_status
GOV-01,Data ownership and stewardship,"Named accountable owner and operational steward for each critical asset.",Domain Executive,"Approved owner/steward assignments; review date; open issue log.",Quarterly,Operating
GOV-02,Data classification and access,"Classify data and approve access based on role, purpose and least privilege.","Data Owner + Security","Classification; access approval; periodic recertification; access log.",Quarterly,Operating
GOV-03,Data quality management,"Critical elements have measurable rules, thresholds, issue owners and remediation evidence.",Data Steward,"Rule results; issue ticket; root cause; accepted disposition.",Daily / monthly review,Needs evidence
GOV-04,Metadata and lineage,"Critical data is discoverable, defined, sourced and traced across material transformations.",Data Product Owner,"Catalogue record; approved definition; lineage; change record.",On change; quarterly,In progress
GOV-05,"Purpose, lawful basis and privacy assessment","Personal-data processing purpose, lawful basis, transparency, minimisation, retention and DPIA screening are assessed before use.","Privacy / DPO + Product Owner","Processing record; privacy assessment; DPIA decision; notices; retention rule.",At design and material change,Required before pilot
GOV-06,AI inventory and tiering,"AI use cases are inventoried, scoped, risk assessed and routed to proportionate review before development or procurement.",AI Governance Office,"Use-case record; risk decision; committee outcome.",At intake; quarterly,Operating
GOV-07,Model validation and change control,"Appropriate independent challenge, testing, approval and version control precede deployment and material changes.",Model Risk Management,"Validation report; approval; release record; rollback plan.",Before release; on change,Required before release
GOV-08,AI monitoring and incident response,"Monitor performance, data drift, outcomes, overrides, complaints, security and supplier notices with escalation thresholds.","AI Product Owner + 2nd line","Monitoring pack; alerts; incident log; action closure.",Monthly / threshold-triggered,Design in progress
GOV-09,Third-party and model change oversight,"Assess supplier, data rights, security, resilience, model changes, subcontractors and exit/continuity arrangements.","Procurement + Risk","Due diligence; contract clauses; change notifications; exit plan.",Onboarding; annual; change,Required before procurement
GOV-10,Consumer outcome monitoring,"Use relevant data and customer insight to identify poor outcomes, root causes, group differences and corrective action.",Customer Outcomes Office,"Outcome metrics; limitations; action tracker; governance review.",Monthly; board reporting cycle,Prototype
