asset_id,asset_name,asset_type,description,business_owner,data_steward,classification,source_system,quality_profile_pct_synthetic,status,tags,business_terms,logical_lineage
D-001,Customer,Business domain,"Canonical customer entity for customer servicing and outcome monitoring.",Customer Data Office,Retail Data Steward,Confidential,Core banking (simulated),96,Certified,"Customer|Critical data element","Customer|Vulnerable circumstance","Core Banking → Customer Curated → Consumer Outcomes Mart"
D-002,Account,Business domain,"Deposit account and product relationship, including lifecycle status.",Deposits Product,Deposits Data Steward,Confidential,Core banking (simulated),93,In review,"Account|Critical data element","Account status|Product","Core Banking → Account Curated → Consumer Outcomes Mart"
D-003,Customer contact outcome,Data product,"Aggregated result of customer support interactions; no free-text notes in this demo.",Customer Operations,Service MI Steward,Internal,CRM (simulated),91,Certified,"Consumer Duty|Aggregated","Support outcome|Consumer outcome","CRM → Support Outcome Curated → Consumer Outcomes Mart"
D-004,Complaint,Data product,"Complaint event, reason, product and resolution timing for root-cause analysis.",Customer Operations,Complaints Steward,Confidential,Complaints platform (simulated),88,In review,"Consumer Duty|Restricted fields","Complaint|Consumer outcome","Complaints Platform → Complaint Curated → Consumer Outcomes Mart"
D-005,Payment transaction,Data domain,"Pseudonymised transaction event for fraud analytics; direct identifiers excluded.",Payments,Payments Data Steward,Restricted,Payments platform (simulated),97,Certified,"Financial|Restricted",Transaction,"Payments → Transaction Curated → Fraud Feature Store"
D-006,Fraud alert features,Feature set,"Derived signals used by the fraud alert prioritisation model. No production values are included.",Financial Crime Analytics,Fraud Analytics Steward,Restricted,Feature store (simulated),84,Remediation,"Model input|Restricted","Fraud alert","Payments Curated + Device Signals → Feature Store → AI-002"
D-007,Consumer outcomes mart,Data product,"Curated outcome, service and complaint measures with documented aggregation and limitations.",Customer Outcomes Office,Outcomes MI Steward,Confidential,Analytics platform (simulated),89,In review,"Board MI|Consumer Duty","Consumer outcome|Vulnerable circumstance","Customer + Account + Contact Outcome + Complaint → Outcomes Mart"
D-008,Product reference,Reference data,"Product identifiers and product-to-target-market mapping.",Product Governance,Product Data Steward,Internal,Product system (simulated),99,Certified,"Reference|Critical data element","Product|Target market","Product System → Product Reference → Outcomes Mart"
D-009,Vulnerability support indicator,Sensitive attribute,"Illustrative indicator used only to test whether support outcomes differ. Presence, lawful basis, meaning and permitted use must be confirmed; this record contains no person-level data.",Customer Support,Customer Data Steward,"Special category / highly sensitive (confirm per field)",CRM (simulated),78,Restricted review,"Highly sensitive|Restricted use","Vulnerable circumstance","CRM → Access-controlled aggregate → Outcomes Mart"
D-010,Model decision log,Governance dataset,"Versioned record of model release, approval, monitoring, overrides, incidents and retirement events.",Model Risk Management,AI Governance Office,Confidential,Model registry (simulated),95,Certified,"Audit trail|AI","AI use case|Human review","Model Registry + Monitoring → Governance Dashboard"
